id,description,qty,price,total,vendor,url
E01,"ESP32 개발보드 ESP32 DevKitC-32 / USB-C / CH340C 3개 구역의 센서 수집, MQTT 전송 및 장치 명령 처리. A · 공급가 11,000",3,12100,36300,VCTEC,https://vctec.co.kr/product/esp32-devkitc-32-%EA%B0%9C%EB%B0%9C%EB%B3%B4%EB%93%9C-usb-c-esp32-devkitc-32-board-usb-c/22263/
E02,"온습도 센서 모듈 SHT31-D / I2C / 상품 10834 구역별 대상·비교 센서 1쌍으로 온습도 불일치 검증. A · 공급가 13,480",6,14828,88968,VCTEC,https://vctec.co.kr/product/sensiron-sht31-d-%EC%98%A8%EC%8A%B5%EB%8F%84-%EC%84%BC%EC%84%9C-%EB%AA%A8%EB%93%88-sensiron-sht31-d-temperature-humidity-senso/10834/
E03,"정전용량 토양수분 센서 DFRobot SEN0193 / 케이블 포함 같은 배지의 대상·비교 값 및 급수 후 수분 반응 기록. A · 공급가 8,300",6,9130,54780,아이씨뱅큐,https://www.icbanq.com/P013130477
E04,"12V 연동 펌프 도우징 펌프 / 상품 5308 구역마다 독립적으로 제한된 시험 급수를 실시. A · 공급가 39,460",3,43406,130218,VCTEC,https://vctec.co.kr/product/%EB%8F%84%EC%9A%B0%EC%A7%95-%EC%97%B0%EB%8F%99-%ED%8E%8C%ED%94%84-12vdc-peristaltic-dosing-pump-12vdc/5308
E05,"MOSFET 전력 구동 모듈 DFRobot DFR0457 ESP32의 작은 제어 신호로 펌프 전원을 스위칭. A · 공급가 6,200",3,6820,20460,아이씨뱅큐,https://www.icbanq.com/P007616427
E06,4선식 로드셀 10kg PP-A410 / Full Bridge 구역별 질량 증가를 측정해 실제 물 도착의 보조 증거 확보. B · VAT 포함 표시,3,1900,5700,파츠-파츠,https://parts-parts.co.kr/product/pp-a410-4%EC%84%A0%EC%8B%9D-%EB%A1%9C%EB%93%9C%EC%85%80-%EB%AC%B4%EA%B2%8C%EC%84%BC%EC%84%9C-10kg-load-cell/556/
E07,"로드셀 신호 변환 모듈 HX711 / 상품 10235 로드셀의 작은 전기 신호를 디지털 측정값으로 변환. A · 공급가 4,650",3,5115,15345,VCTEC,https://vctec.co.kr/product/%EB%A1%9C%EB%93%9C%EC%85%80-%EB%AC%B4%EA%B2%8C-%EC%84%BC%EC%84%9C-%EC%95%B0%ED%94%84-hx711-hx711-load-cell-amplifer/10235
P01,12V 5A 완제품 어댑터 프라임디렉트 / 코드일체형 / 5.5×2.1mm 노출 AC 단자 없이 펌프 구동 전원을 공급. C · 소비자 표시가,1,10900,10900,EPC몰,https://epcmall.co.kr/product/%ED%94%84%EB%9D%BC%EC%9E%84%EB%94%94%EB%A0%89%ED%8A%B8-12v-5a-cctv-%EC%A0%84%EC%9A%A9-%EC%BD%94%EB%93%9C%EC%9D%BC%EC%B2%B4%ED%98%95-%EA%B5%AD%EC%82%B0-%EC%96%B4%EB%8C%91%ED%84%B0-%EC%99%B8%EA%B2%BD-55mm-%EB%82%B4%EA%B2%BD-21mm/286/
P02,5V USB 어댑터 마하링크 오비투 LX050200 / 5V 2A ESP32 3대를 각각 안정된 5V USB 전원으로 운용. C · 소비자 표시가,3,3300,9900,바이트몰,https://bytemall.co.kr/product/%EB%A7%88%ED%95%98%EB%A7%81%ED%81%AC-5v-2a-usb-%EC%B6%A9%EC%A0%84%EA%B8%B0-%EC%96%B4%EB%8C%91%ED%84%B0-%EC%98%A4%EB%B9%84%ED%88%AC-lx050200/1168/
P03,"USB 데이터 케이블 USB-A → USB-C / USB2.0 / 약 0.9m 보드 펌웨어 업로드와 USB 전원 공급. A · 공급가 4,600",3,5060,15180,VCTEC,https://vctec.co.kr/product/usb-c-usb-%EC%BC%80%EC%9D%B4%EB%B8%94-2a-usb-20-cable-a-to-c-3-foot/14462/
P04,"DC 전원 잭 단자 어댑터 5.5×2.1mm Female → 나사단자 완제품 어댑터 선을 자르지 않고 저전압 분배부에 연결. A · 공급가 2,100",1,2310,2310,VCTEC,https://vctec.co.kr/product/dc-%EC%A0%84%EC%9B%90-%EC%9E%AD-%EC%8A%A4%ED%81%AC%EB%A5%98-%ED%84%B0%EB%AF%B8%EB%84%90-%EC%95%84%EB%8B%B5%ED%84%B0-55x21mm-female%ED%83%80%EC%9E%85-55x21mm-dc-barrel-jack-adapter-fe/2939/
P05,"정류 다이오드 20개 묶음 1N4007 / 20pcs 펌프 차단 시 발생하는 역기전력 보호 회로 제작. A · 공급가 1,500",1,1650,1650,VCTEC,https://vctec.co.kr/product/1n4007-%EB%8B%A4%EC%9D%B4%EC%98%A4%EB%93%9C-20%EA%B0%9C-1n4007-rectifier-diode-20pcs/13649/
P06,비상정지 스위치 후보 KGE-H4R1R / 22mm / 1a1b / PP-B057 소프트웨어와 별개인 물리적 정지 조작부 구성. B · VAT 포함 표시,1,7700,7700,파츠-파츠,https://parts-parts.co.kr/product/pp-b057-%EB%B9%84%EC%83%81%EC%A0%95%EC%A7%80%EC%8A%A4%EC%9C%84%EC%B9%98-22%ED%8C%8C%EC%9D%B4-1a1b-kge-h4r1r/917/
P07,인라인 퓨즈 홀더 후보 BR-FHAM1 / 자동차 퓨즈 홀더 전체 전원 1곳·펌프 3분기의 과전류 보호 구성. C · 소비자 표시가,4,580,2320,1001파트,https://1001parts.co.kr/product/br-fham1-%EC%B9%B4%ED%9C%B4%EC%A6%88-%ED%99%80%EB%8D%94-%EC%9E%90%EB%8F%99%EC%B0%A8-%ED%93%A8%EC%A6%88-%ED%99%80%EB%8D%94/8099/
C01,점퍼선 FF 40핀 20cm PP-A398 / 암-암 모듈 핀 사이의 신호 배선과 초기 연결 시험. B · VAT 포함 표시,2,660,1320,파츠-파츠,https://parts-parts.co.kr/product/pp-a398-%EC%A0%90%ED%8D%BC%EC%BC%80%EC%9D%B4%EB%B8%94-40%ED%95%80-20cm-%EC%95%94%EC%95%94-f-f/1071/
C02,점퍼선 FM 40핀 20cm PP-A397 / 암-수 센서·개발보드·브레드보드 간 신호 연결. B · VAT 포함 표시,2,660,1320,파츠-파츠,https://parts-parts.co.kr/product/pp-a397-%EC%A0%90%ED%8D%BC%EC%BC%80%EC%9D%B4%EB%B8%94-40%ED%95%80-20cm-%EC%95%94%EC%88%98-f-m/1070/
C03,점퍼선 MM 40핀 20cm PP-A396 / 수-수 브레드보드의 전원·신호 연결과 회로 점검. B · VAT 포함 표시,2,660,1320,파츠-파츠,https://parts-parts.co.kr/product/pp-a396-%EC%A0%90%ED%8D%BC%EC%BC%80%EC%9D%B4%EB%B8%94-40%ED%95%80-20cm-%EC%88%98%EC%88%98-m-m/1069/
C04,열수축 튜브 묶음 PP-K022 / 1~14mm / 164pcs 납땜 접속부 절연과 배선 마감. B · VAT 포함 표시,1,750,750,파츠-파츠,https://parts-parts.co.kr/product/pp-k022-%EC%97%B4%EC%88%98%EC%B6%95%ED%8A%9C%EB%B8%8C-%EC%84%B8%ED%8A%B8-114mm-164pcs-%ED%8C%A9/1123/
C05,브레드보드 830점 PP-A384 / MB-102 각 구역의 센서 수집 회로를 먼저 시험. B · VAT 포함 표시,3,1000,3000,파츠-파츠,https://parts-parts.co.kr/product/pp-a384-pcb-%EB%B8%8C%EB%A0%88%EB%93%9C%EB%B3%B4%EB%93%9C%EB%B9%B5%ED%8C%90-mb-102-830-point/962/
C06,에폭시 단면 만능기판 PP-D014 / DSE / 2.54mm / 17×36홀 3구역의 센서 연결 회로를 고정 제작. B · VAT 포함 표시,4,1500,6000,파츠-파츠,https://parts-parts.co.kr/product/pp-d014-%EC%97%90%ED%8F%AD%EC%8B%9C-%EB%8B%A8%EB%A9%B4%EA%B8%B0%ED%8C%90-dse-%EB%A7%8C%EB%8A%A5%EA%B8%B0%ED%8C%90-254-17x36/760/
C07,전장 컨트롤 박스 BOXCO BC-AGS-152010 / PP-C2033 구역별 보드·계량 모듈·배선 보호 및 고정. B · VAT 포함 표시,3,8700,26100,파츠-파츠,https://parts-parts.co.kr/product/pp-c2033-%EB%B0%95%EC%8A%A4%EC%BD%94boxco-bc-ags-152010-%EC%BB%A8%ED%8A%B8%EB%A1%A4%EB%B0%95%EC%8A%A4/1822/
W01,"실리콘 튜브 10m 내경2.5 / 외경4.5mm / 상품12719 3구역의 급수 연장선 구성과 재배치용 길이 확보. A · 공급가 39,400",1,43340,43340,VCTEC,https://vctec.co.kr/product/%EB%8F%84%EC%A7%95-%ED%8E%8C%ED%94%84%EC%9A%A9-%EC%8B%A4%EB%A6%AC%EC%BD%98-%ED%8A%9C%EB%B8%8C-10%EB%AF%B8%ED%84%B0-%EB%82%B4%EA%B2%BD-25mm-%EC%99%B8%EA%B2%BD-45mm-silicone-tube-for-peristaltic-liqui/12719/
W02,PE 광구 물통 5L 광구병/분말병 5L 1pcs / 상품11165 세 펌프가 사용하는 공용 물 저장조. C · 소비자 표시가,1,4650,4650,컴사이언스,https://comscience.co.kr/product/%EA%B4%91%EA%B5%AC%EB%B3%91%EB%B6%84%EB%A7%90%EB%B3%91-5l1pcs-%ED%94%8C%EB%9D%BC%EC%8A%A4%ED%8B%B1%EB%B3%91-%ED%94%84%EB%9D%BC%EC%8A%A4%ED%8B%B1%EB%B3%91-%EA%B5%AD%EB%82%B4%EC%82%B0pe/11165/
W03,사각 화분 18cm 옵션 두이츠 / 중(윗지름18cm) / 1개 같은 규격의 배지 3구역 구성. C · 소비자 표시가,3,2120,6360,쿠팡·두이츠,https://www.coupang.com/vp/products/7839931102
W04,마이그린 배양토 10L 10L 포장 / 상품11063 동일 배지의 반복 급수·건조 실험 및 초기 조건 재구성. C · 소비자 표시가,2,4500,9000,미미네아쿠아,https://mimineaqua.co.kr/product/%EB%A7%88%EC%9D%B4%EA%B7%B8%EB%A6%B0-%EB%B0%B0%EC%96%91%ED%86%A0-%EB%B6%84%EA%B0%88%EC%9D%B4%ED%9D%99-10l-%EB%A7%88%EC%82%AC%ED%86%A0-%EB%B0%B0%EC%96%91%ED%86%A0-%EB%82%9C%EC%84%9D/11063/
